Workbook

Sheet Index
A1: Date | B1: Liquidity | C1: Bonds_CHF | D1: Bonds_IG_HDG | E1: Bonds_IG_UHDG | F1: Equities_CH | G1: Equities_Global_HDG | H1: Equities_Global_UHDG | I1: Real_Estate_CH_listed | J1: Real_Estate_CH_unlisted | K1: Month End | L1: Last Rebal | M1: Liquidity | N1: Bonds_CHF | O1: Bonds_IG_HDG | P1: Bonds_IG_UHDG | Q1: Equities_CH | R1: Equities_Global_HDG | S1: Equities_Global_UHDG | T1: Real_Estate_CH_listed | U1: Real_Estate_CH_unlisted | V1: P1_Rebal | W1: Liquidity | X1: Bonds_CHF | Y1: Bonds_IG_HDG | Z1: Bonds_IG_UHDG | AA1: Equities_CH | AB1: Equities_Global_HDG | AC1: Equities_Global_UHDG | AD1: Real_Estate_CH_listed | AE1: Real_Estate_CH_unlisted | AF1: P1_Index1 | AG1: P2_Rebal | AH1: Liquidity | AI1: Bonds_CHF | AJ1: Bonds_IG_HDG | AK1: Bonds_IG_UHDG | AL1: Equities_CH | AM1: Equities_Global_HDG | AN1: Equities_Global_UHDG | AO1: Real_Estate_CH_listed | AP1: Real_Estate_CH_unlisted | AQ1: P2_Index1
A2: 46022 | B2: 115.3124 | C2: 138.4 | D2: 160.47052 | E2: 128.45484 | F2: 18219.49 | G2: 351.24 | H2: 2604 | I2: 601.3 | J2: 389.35 | K2: =IF(OR(ROW()=2,MONTH(A3)<>MONTH(A2)),"✔","") -> ✔ | L2: 2 | M2: =INDEX(B:B,$L2) -> 115.3124 | N2: =INDEX(C:C,$L2) -> 138.4 | O2: =INDEX(D:D,$L2) -> 160.47052 | P2: =INDEX(E:E,$L2) -> 128.45484 | Q2: =INDEX(F:F,$L2) -> 18219.49 | R2: =INDEX(G:G,$L2) -> 351.24 | S2: =INDEX(H:H,$L2) -> 2604 | T2: =INDEX(I:I,$L2) -> 601.3 | U2: =INDEX(J:J,$L2) -> 389.35 | V2: 100 | W2: =Weights!$B$9*Index!B2/Index!M2 -> 0.03 | X2: =Weights!$B$10*Index!C2/Index!N2 -> 0.25 | Y2: =Weights!$B$11*Index!D2/Index!O2 -> 0.07 | Z2: =Weights!$B$12*Index!E2/Index!P2 -> 0.02 | AA2: =Weights!$B$13*Index!F2/Index!Q2 -> 0.13 | AB2: =Weights!$B$14*Index!G2/Index!R2 -> 0.2 | AC2: =Weights!$B$15*Index!H2/Index!S2 -> 0.05 | AD2: =Weights!$B$16*Index!I2/Index!T2 -> 0 | AE2: =Weights!$B$17*Index!J2/Index!U2 -> 0.25 | AF2: =V2*SUM(W2:AE2) -> 100 | AG2: 100 | AH2: =Weights!$E$9*Index!B2/M2 -> 0.018243243 | AI2: =Weights!$E$10*Index!C2/N2 -> 0.020675676 | AJ2: =Weights!$E$11*Index!D2/O2 -> 0 | AK2: =Weights!$E$12*Index!E2/P2 -> 0.18608108 | AL2: =Weights!$E$13*Index!F2/Q2 -> 0.315 | AM2: =Weights!$E$14*Index!G2/R2 -> 0 | AN2: =Weights!$E$15*Index!H2/S2 -> 0.21 | AO2: =Weights!$E$16*Index!I2/T2 -> 0 | AP2: =Weights!$E$17*Index!J2/U2 -> 0.25 | AQ2: =AG2*SUM(AH2:AP2) -> 100
A3: 46023 | B3: 115.3124 | C3: 138.4 | D3: 160.47052 | E3: 128.45484 | F3: 18219.49 | G3: 351.19 | H3: 2604.12 | I3: 601.3 | J3: 389.35 | K3: =IF(OR(ROW()=2,MONTH(A4)<>MONTH(A3)),"✔","") | L3: =IF(K2="✔",ROW(K2),L2) -> 2 | M3: =INDEX(B:B,L3) -> 115.3124 | N3: =INDEX(C:C,$L3) -> 138.4 | O3: =INDEX(D:D,$L3) -> 160.47052 | P3: =INDEX(E:E,$L3) -> 128.45484 | Q3: =INDEX(F:F,$L3) -> 18219.49 | R3: =INDEX(G:G,$L3) -> 351.24 | S3: =INDEX(H:H,$L3) -> 2604 | T3: =INDEX(I:I,$L3) -> 601.3 | U3: =INDEX(J:J,$L3) -> 389.35 | V3: =INDEX(AF:AF,L3) -> 100 | W3: =Weights!$B$9*Index!B3/Index!M3 -> 0.03 | X3: =Weights!$B$10*Index!C3/Index!N3 -> 0.25 | Y3: =Weights!$B$11*Index!D3/Index!O3 -> 0.07 | Z3: =Weights!$B$12*Index!E3/Index!P3 -> 0.02 | AA3: =Weights!$B$13*Index!F3/Index!Q3 -> 0.13 | AB3: =Weights!$B$14*Index!G3/Index!R3 -> 0.19997153 | AC3: =Weights!$B$15*Index!H3/Index!S3 -> 0.050002304 | AD3: =Weights!$B$16*Index!I3/Index!T3 -> 0 | AE3: =Weights!$B$17*Index!J3/Index!U3 -> 0.25 | AF3: =V3*SUM(W3:AE3) -> 99.997383 | AG3: =INDEX(AQ:AQ,L3) -> 100 | AH3: =Weights!$E$9*Index!B3/M3 -> 0.018243243 | AI3: =Weights!$E$10*Index!C3/N3 -> 0.020675676 | AJ3: =Weights!$E$11*Index!D3/O3 -> 0 | AK3: =Weights!$E$12*Index!E3/P3 -> 0.18608108 | AL3: =Weights!$E$13*Index!F3/Q3 -> 0.315 | AM3: =Weights!$E$14*Index!G3/R3 -> 0 | AN3: =Weights!$E$15*Index!H3/S3 -> 0.21000968 | AO3: =Weights!$E$16*Index!I3/T3 -> 0 | AP3: =Weights!$E$17*Index!J3/U3 -> 0.25 | AQ3: =AG3*SUM(AH3:AP3) -> 100.00097
A4: 46024 | B4: 115.3117 | C4: 138.4 | D4: 160.16379 | E4: 127.97515 | F4: 18219.49 | G4: 352.22 | H4: 2606.51 | I4: 601.3 | J4: 389.35 | K4: =IF(OR(ROW()=2,MONTH(A5)<>MONTH(A4)),"✔","") | L4: =IF(K3="✔",ROW(K3),L3) -> 2 | M4: =INDEX(B:B,L4) -> 115.3124 | N4: =INDEX(C:C,$L4) -> 138.4 | O4: =INDEX(D:D,$L4) -> 160.47052 | P4: =INDEX(E:E,$L4) -> 128.45484 | Q4: =INDEX(F:F,$L4) -> 18219.49 | R4: =INDEX(G:G,$L4) -> 351.24 | S4: =INDEX(H:H,$L4) -> 2604 | T4: =INDEX(I:I,$L4) -> 601.3 | U4: =INDEX(J:J,$L4) -> 389.35 | V4: =INDEX(AF:AF,L4) -> 100 | W4: =Weights!$B$9*Index!B4/Index!M4 -> 0.029999818 | X4: =Weights!$B$10*Index!C4/Index!N4 -> 0.25 | Y4: =Weights!$B$11*Index!D4/Index!O4 -> 0.0698662 | Z4: =Weights!$B$12*Index!E4/Index!P4 -> 0.019925314 | AA4: =Weights!$B$13*Index!F4/Index!Q4 -> 0.13 | AB4: =Weights!$B$14*Index!G4/Index!R4 -> 0.20055802 | AC4: =Weights!$B$15*Index!H4/Index!S4 -> 0.050048195 | AD4: =Weights!$B$16*Index!I4/Index!T4 -> 0 | AE4: =Weights!$B$17*Index!J4/Index!U4 -> 0.25 | AF4: =V4*SUM(W4:AE4) -> 100.03976 | AG4: =INDEX(AQ:AQ,L4) -> 100 | AH4: =Weights!$E$9*Index!B4/M4 -> 0.018243132 | AI4: =Weights!$E$10*Index!C4/N4 -> 0.020675676 | AJ4: =Weights!$E$11*Index!D4/O4 -> 0 | AK4: =Weights!$E$12*Index!E4/P4 -> 0.1853862 | AL4: =Weights!$E$13*Index!F4/Q4 -> 0.315 | AM4: =Weights!$E$14*Index!G4/R4 -> 0 | AN4: =Weights!$E$15*Index!H4/S4 -> 0.21020242 | AO4: =Weights!$E$16*Index!I4/T4 -> 0 | AP4: =Weights!$E$17*Index!J4/U4 -> 0.25 | AQ4: =AG4*SUM(AH4:AP4) -> 99.950743
A5: 46025 | B5: 115.3117 | C5: 138.4 | D5: 160.16379 | E5: 127.97515 | F5: 18219.49 | G5: 352.22 | H5: 2606.51 | I5: 601.3 | J5: 389.35 | K5: =IF(OR(ROW()=2,MONTH(A6)<>MONTH(A5)),"✔","") | L5: =IF(K4="✔",ROW(K4),L4) -> 2 | M5: =INDEX(B:B,L5) -> 115.3124 | N5: =INDEX(C:C,$L5) -> 138.4 | O5: =INDEX(D:D,$L5) -> 160.47052 | P5: =INDEX(E:E,$L5) -> 128.45484 | Q5: =INDEX(F:F,$L5) -> 18219.49 | R5: =INDEX(G:G,$L5) -> 351.24 | S5: =INDEX(H:H,$L5) -> 2604 | T5: =INDEX(I:I,$L5) -> 601.3 | U5: =INDEX(J:J,$L5) -> 389.35 | V5: =INDEX(AF:AF,L5) -> 100 | W5: =Weights!$B$9*Index!B5/Index!M5 -> 0.029999818 | X5: =Weights!$B$10*Index!C5/Index!N5 -> 0.25 | Y5: =Weights!$B$11*Index!D5/Index!O5 -> 0.0698662 | Z5: =Weights!$B$12*Index!E5/Index!P5 -> 0.019925314 | AA5: =Weights!$B$13*Index!F5/Index!Q5 -> 0.13 | AB5: =Weights!$B$14*Index!G5/Index!R5 -> 0.20055802 | AC5: =Weights!$B$15*Index!H5/Index!S5 -> 0.050048195 | AD5: =Weights!$B$16*Index!I5/Index!T5 -> 0 | AE5: =Weights!$B$17*Index!J5/Index!U5 -> 0.25 | AF5: =V5*SUM(W5:AE5) -> 100.03976 | AG5: =INDEX(AQ:AQ,L5) -> 100 | AH5: =Weights!$E$9*Index!B5/M5 -> 0.018243132 | AI5: =Weights!$E$10*Index!C5/N5 -> 0.020675676 | AJ5: =Weights!$E$11*Index!D5/O5 -> 0 | AK5: =Weights!$E$12*Index!E5/P5 -> 0.1853862 | AL5: =Weights!$E$13*Index!F5/Q5 -> 0.315 | AM5: =Weights!$E$14*Index!G5/R5 -> 0 | AN5: =Weights!$E$15*Index!H5/S5 -> 0.21020242 | AO5: =Weights!$E$16*Index!I5/T5 -> 0 | AP5: =Weights!$E$17*Index!J5/U5 -> 0.25 | AQ5: =AG5*SUM(AH5:AP5) -> 99.950743
A6: 46026 | B6: 115.3117 | C6: 138.4 | D6: 160.16379 | E6: 127.97515 | F6: 18219.49 | G6: 352.22 | H6: 2606.51 | I6: 601.3 | J6: 389.35 | K6: =IF(OR(ROW()=2,MONTH(A7)<>MONTH(A6)),"✔","") | L6: =IF(K5="✔",ROW(K5),L5) -> 2 | M6: =INDEX(B:B,L6) -> 115.3124 | N6: =INDEX(C:C,$L6) -> 138.4 | O6: =INDEX(D:D,$L6) -> 160.47052 | P6: =INDEX(E:E,$L6) -> 128.45484 | Q6: =INDEX(F:F,$L6) -> 18219.49 | R6: =INDEX(G:G,$L6) -> 351.24 | S6: =INDEX(H:H,$L6) -> 2604 | T6: =INDEX(I:I,$L6) -> 601.3 | U6: =INDEX(J:J,$L6) -> 389.35 | V6: =INDEX(AF:AF,L6) -> 100 | W6: =Weights!$B$9*Index!B6/Index!M6 -> 0.029999818 | X6: =Weights!$B$10*Index!C6/Index!N6 -> 0.25 | Y6: =Weights!$B$11*Index!D6/Index!O6 -> 0.0698662 | Z6: =Weights!$B$12*Index!E6/Index!P6 -> 0.019925314 | AA6: =Weights!$B$13*Index!F6/Index!Q6 -> 0.13 | AB6: =Weights!$B$14*Index!G6/Index!R6 -> 0.20055802 | AC6: =Weights!$B$15*Index!H6/Index!S6 -> 0.050048195 | AD6: =Weights!$B$16*Index!I6/Index!T6 -> 0 | AE6: =Weights!$B$17*Index!J6/Index!U6 -> 0.25 | AF6: =V6*SUM(W6:AE6) -> 100.03976 | AG6: =INDEX(AQ:AQ,L6) -> 100 | AH6: =Weights!$E$9*Index!B6/M6 -> 0.018243132 | AI6: =Weights!$E$10*Index!C6/N6 -> 0.020675676 | AJ6: =Weights!$E$11*Index!D6/O6 -> 0 | AK6: =Weights!$E$12*Index!E6/P6 -> 0.1853862 | AL6: =Weights!$E$13*Index!F6/Q6 -> 0.315 | AM6: =Weights!$E$14*Index!G6/R6 -> 0 | AN6: =Weights!$E$15*Index!H6/S6 -> 0.21020242 | AO6: =Weights!$E$16*Index!I6/T6 -> 0 | AP6: =Weights!$E$17*Index!J6/U6 -> 0.25 | AQ6: =AG6*SUM(AH6:AP6) -> 99.950743
A7: 46027 | B7: 115.3108 | C7: 138.71 | D7: 160.35153 | E7: 128.54613 | F7: 18242.25 | G7: 355 | H7: 2636 | I7: 597.9 | J7: 389.35 | K7: =IF(OR(ROW()=2,MONTH(A8)<>MONTH(A7)),"✔","") | L7: =IF(K6="✔",ROW(K6),L6) -> 2 | M7: =INDEX(B:B,L7) -> 115.3124 | N7: =INDEX(C:C,$L7) -> 138.4 | O7: =INDEX(D:D,$L7) -> 160.47052 | P7: =INDEX(E:E,$L7) -> 128.45484 | Q7: =INDEX(F:F,$L7) -> 18219.49 | R7: =INDEX(G:G,$L7) -> 351.24 | S7: =INDEX(H:H,$L7) -> 2604 | T7: =INDEX(I:I,$L7) -> 601.3 | U7: =INDEX(J:J,$L7) -> 389.35 | V7: =INDEX(AF:AF,L7) -> 100 | W7: =Weights!$B$9*Index!B7/Index!M7 -> 0.029999584 | X7: =Weights!$B$10*Index!C7/Index!N7 -> 0.25055997 | Y7: =Weights!$B$11*Index!D7/Index!O7 -> 0.069948094 | Z7: =Weights!$B$12*Index!E7/Index!P7 -> 0.020014214 | AA7: =Weights!$B$13*Index!F7/Index!Q7 -> 0.1301624 | AB7: =Weights!$B$14*Index!G7/Index!R7 -> 0.20214099 | AC7: =Weights!$B$15*Index!H7/Index!S7 -> 0.050614439 | AD7: =Weights!$B$16*Index!I7/Index!T7 -> 0 | AE7: =Weights!$B$17*Index!J7/Index!U7 -> 0.25 | AF7: =V7*SUM(W7:AE7) -> 100.34397 | AG7: =INDEX(AQ:AQ,L7) -> 100 | AH7: =Weights!$E$9*Index!B7/M7 -> 0.01824299 | AI7: =Weights!$E$10*Index!C7/N7 -> 0.020721987 | AJ7: =Weights!$E$11*Index!D7/O7 -> 0 | AK7: =Weights!$E$12*Index!E7/P7 -> 0.18621333 | AL7: =Weights!$E$13*Index!F7/Q7 -> 0.3153935 | AM7: =Weights!$E$14*Index!G7/R7 -> 0 | AN7: =Weights!$E$15*Index!H7/S7 -> 0.21258065 | AO7: =Weights!$E$16*Index!I7/T7 -> 0 | AP7: =Weights!$E$17*Index!J7/U7 -> 0.25 | AQ7: =AG7*SUM(AH7:AP7) -> 100.31525
A8: 46028 | B8: 115.3104 | C8: 138.76 | D8: 160.36138 | E8: 128.78163 | F8: 18352.4 | G8: 357.3 | H8: 2658.04 | I8: 603.23 | J8: 389.35 | K8: =IF(OR(ROW()=2,MONTH(A9)<>MONTH(A8)),"✔","") | L8: =IF(K7="✔",ROW(K7),L7) -> 2 | M8: =INDEX(B:B,L8) -> 115.3124 | N8: =INDEX(C:C,$L8) -> 138.4 | O8: =INDEX(D:D,$L8) -> 160.47052 | P8: =INDEX(E:E,$L8) -> 128.45484 | Q8: =INDEX(F:F,$L8) -> 18219.49 | R8: =INDEX(G:G,$L8) -> 351.24 | S8: =INDEX(H:H,$L8) -> 2604 | T8: =INDEX(I:I,$L8) -> 601.3 | U8: =INDEX(J:J,$L8) -> 389.35 | V8: =INDEX(AF:AF,L8) -> 100 | W8: =Weights!$B$9*Index!B8/Index!M8 -> 0.02999948 | X8: =Weights!$B$10*Index!C8/Index!N8 -> 0.25065029 | Y8: =Weights!$B$11*Index!D8/Index!O8 -> 0.06995239 | Z8: =Weights!$B$12*Index!E8/Index!P8 -> 0.020050881 | AA8: =Weights!$B$13*Index!F8/Index!Q8 -> 0.13094834 | AB8: =Weights!$B$14*Index!G8/Index!R8 -> 0.20345063 | AC8: =Weights!$B$15*Index!H8/Index!S8 -> 0.051037634 | AD8: =Weights!$B$16*Index!I8/Index!T8 -> 0 | AE8: =Weights!$B$17*Index!J8/Index!U8 -> 0.25 | AF8: =V8*SUM(W8:AE8) -> 100.60896 | AG8: =INDEX(AQ:AQ,L8) -> 100 | AH8: =Weights!$E$9*Index!B8/M8 -> 0.018242927 | AI8: =Weights!$E$10*Index!C8/N8 -> 0.020729456 | AJ8: =Weights!$E$11*Index!D8/O8 -> 0 | AK8: =Weights!$E$12*Index!E8/P8 -> 0.18655448 | AL8: =Weights!$E$13*Index!F8/Q8 -> 0.3172979 | AM8: =Weights!$E$14*Index!G8/R8 -> 0 | AN8: =Weights!$E$15*Index!H8/S8 -> 0.21435806 | AO8: =Weights!$E$16*Index!I8/T8 -> 0 | AP8: =Weights!$E$17*Index!J8/U8 -> 0.25 | AQ8: =AG8*SUM(AH8:AP8) -> 100.71828
A9: 46029 | B9: 115.3101 | C9: 138.76 | D9: 160.56084 | E9: 129.17781 | F9: 18384.45 | G9: 356.01 | H9: 2654.38 | I9: 605.01 | J9: 389.35 | K9: =IF(OR(ROW()=2,MONTH(A10)<>MONTH(A9)),"✔","") | L9: =IF(K8="✔",ROW(K8),L8) -> 2 | M9: =INDEX(B:B,L9) -> 115.3124 | N9: =INDEX(C:C,$L9) -> 138.4 | O9: =INDEX(D:D,$L9) -> 160.47052 | P9: =INDEX(E:E,$L9) -> 128.45484 | Q9: =INDEX(F:F,$L9) -> 18219.49 | R9: =INDEX(G:G,$L9) -> 351.24 | S9: =INDEX(H:H,$L9) -> 2604 | T9: =INDEX(I:I,$L9) -> 601.3 | U9: =INDEX(J:J,$L9) -> 389.35 | V9: =INDEX(AF:AF,L9) -> 100 | W9: =Weights!$B$9*Index!B9/Index!M9 -> 0.029999402 | X9: =Weights!$B$10*Index!C9/Index!N9 -> 0.25065029 | Y9: =Weights!$B$11*Index!D9/Index!O9 -> 0.070039398 | Z9: =Weights!$B$12*Index!E9/Index!P9 -> 0.020112564 | AA9: =Weights!$B$13*Index!F9/Index!Q9 -> 0.13117703 | AB9: =Weights!$B$14*Index!G9/Index!R9 -> 0.20271609 | AC9: =Weights!$B$15*Index!H9/Index!S9 -> 0.050967358 | AD9: =Weights!$B$16*Index!I9/Index!T9 -> 0 | AE9: =Weights!$B$17*Index!J9/Index!U9 -> 0.25 | AF9: =V9*SUM(W9:AE9) -> 100.56621 | AG9: =INDEX(AQ:AQ,L9) -> 100 | AH9: =Weights!$E$9*Index!B9/M9 -> 0.018242879 | AI9: =Weights!$E$10*Index!C9/N9 -> 0.020729456 | AJ9: =Weights!$E$11*Index!D9/O9 -> 0 | AK9: =Weights!$E$12*Index!E9/P9 -> 0.18712838 | AL9: =Weights!$E$13*Index!F9/Q9 -> 0.31785202 | AM9: =Weights!$E$14*Index!G9/R9 -> 0 | AN9: =Weights!$E$15*Index!H9/S9 -> 0.2140629 | AO9: =Weights!$E$16*Index!I9/T9 -> 0 | AP9: =Weights!$E$17*Index!J9/U9 -> 0.25 | AQ9: =AG9*SUM(AH9:AP9) -> 100.80156
A10: 46030 | B10: 115.3098 | C10: 138.59 | D10: 160.42449 | E10: 129.28284 | F10: 18407.2 | G10: 355.71 | H10: 2657.21 | I10: 600.64 | J10: 389.35 | K10: =IF(OR(ROW()=2,MONTH(A11)<>MONTH(A10)),"✔","") | L10: =IF(K9="✔",ROW(K9),L9) -> 2 | M10: =INDEX(B:B,L10) -> 115.3124 | N10: =INDEX(C:C,$L10) -> 138.4 | O10: =INDEX(D:D,$L10) -> 160.47052 | P10: =INDEX(E:E,$L10) -> 128.45484 | Q10: =INDEX(F:F,$L10) -> 18219.49 | R10: =INDEX(G:G,$L10) -> 351.24 | S10: =INDEX(H:H,$L10) -> 2604 | T10: =INDEX(I:I,$L10) -> 601.3 | U10: =INDEX(J:J,$L10) -> 389.35 | V10: =INDEX(AF:AF,L10) -> 100 | W10: =Weights!$B$9*Index!B10/Index!M10 -> 0.029999324 | X10: =Weights!$B$10*Index!C10/Index!N10 -> 0.25034321 | Y10: =Weights!$B$11*Index!D10/Index!O10 -> 0.06997992 | Z10: =Weights!$B$12*Index!E10/Index!P10 -> 0.020128916 | AA10: =Weights!$B$13*Index!F10/Index!Q10 -> 0.13133935 | AB10: =Weights!$B$14*Index!G10/Index!R10 -> 0.20254527 | AC10: =Weights!$B$15*Index!H10/Index!S10 -> 0.051021697 | AD10: =Weights!$B$16*Index!I10/Index!T10 -> 0 | AE10: =Weights!$B$17*Index!J10/Index!U10 -> 0.25 | AF10: =V10*SUM(W10:AE10) -> 100.53577 | AG10: =INDEX(AQ:AQ,L10) -> 100 | AH10: =Weights!$E$9*Index!B10/M10 -> 0.018242832 | AI10: =Weights!$E$10*Index!C10/N10 -> 0.02070406 | AJ10: =Weights!$E$11*Index!D10/O10 -> 0 | AK10: =Weights!$E$12*Index!E10/P10 -> 0.18728052 | AL10: =Weights!$E$13*Index!F10/Q10 -> 0.31824535 | AM10: =Weights!$E$14*Index!G10/R10 -> 0 | AN10: =Weights!$E$15*Index!H10/S10 -> 0.21429113 | AO10: =Weights!$E$16*Index!I10/T10 -> 0 | AP10: =Weights!$E$17*Index!J10/U10 -> 0.25 | AQ10: =AG10*SUM(AH10:AP10) -> 100.87639
A11: 46031 | B11: 115.3095 | C11: 138.57 | D11: 160.61709 | E11: 129.68546 | F11: 18502.97 | G11: 358.13 | H11: 2681.5 | I11: 601.13 | J11: 389.35 | K11: =IF(OR(ROW()=2,MONTH(A12)<>MONTH(A11)),"✔","") | L11: =IF(K10="✔",ROW(K10),L10) -> 2 | M11: =INDEX(B:B,L11) -> 115.3124 | N11: =INDEX(C:C,$L11) -> 138.4 | O11: =INDEX(D:D,$L11) -> 160.47052 | P11: =INDEX(E:E,$L11) -> 128.45484 | Q11: =INDEX(F:F,$L11) -> 18219.49 | R11: =INDEX(G:G,$L11) -> 351.24 | S11: =INDEX(H:H,$L11) -> 2604 | T11: =INDEX(I:I,$L11) -> 601.3 | U11: =INDEX(J:J,$L11) -> 389.35 | V11: =INDEX(AF:AF,L11) -> 100 | W11: =Weights!$B$9*Index!B11/Index!M11 -> 0.029999246 | X11: =Weights!$B$10*Index!C11/Index!N11 -> 0.25030708 | Y11: =Weights!$B$11*Index!D11/Index!O11 -> 0.070063938 | Z11: =Weights!$B$12*Index!E11/Index!P11 -> 0.020191604 | AA11: =Weights!$B$13*Index!F11/Index!Q11 -> 0.13202269 | AB11: =Weights!$B$14*Index!G11/Index!R11 -> 0.20392324 | AC11: =Weights!$B$15*Index!H11/Index!S11 -> 0.051488095 | AD11: =Weights!$B$16*Index!I11/Index!T11 -> 0 | AE11: =Weights!$B$17*Index!J11/Index!U11 -> 0.25 | AF11: =V11*SUM(W11:AE11) -> 100.79959 | AG11: =INDEX(AQ:AQ,L11) -> 100 | AH11: =Weights!$E$9*Index!B11/M11 -> 0.018242784 | AI11: =Weights!$E$10*Index!C11/N11 -> 0.020701072 | AJ11: =Weights!$E$11*Index!D11/O11 -> 0 | AK11: =Weights!$E$12*Index!E11/P11 -> 0.18786377 | AL11: =Weights!$E$13*Index!F11/Q11 -> 0.31990114 | AM11: =Weights!$E$14*Index!G11/R11 -> 0 | AN11: =Weights!$E$15*Index!H11/S11 -> 0.21625 | AO11: =Weights!$E$16*Index!I11/T11 -> 0 | AP11: =Weights!$E$17*Index!J11/U11 -> 0.25 | AQ11: =AG11*SUM(AH11:AP11) -> 101.29588
A12: 46032 | B12: 115.3095 | C12: 138.57 | D12: 160.61709 | E12: 129.68546 | F12: 18502.97 | G12: 358.13 | H12: 2681.5 | I12: 601.13 | J12: 389.35 | K12: =IF(OR(ROW()=2,MONTH(A13)<>MONTH(A12)),"✔","") | L12: =IF(K11="✔",ROW(K11),L11) -> 2 | M12: =INDEX(B:B,L12) -> 115.3124 | N12: =INDEX(C:C,$L12) -> 138.4 | O12: =INDEX(D:D,$L12) -> 160.47052 | P12: =INDEX(E:E,$L12) -> 128.45484 | Q12: =INDEX(F:F,$L12) -> 18219.49 | R12: =INDEX(G:G,$L12) -> 351.24 | S12: =INDEX(H:H,$L12) -> 2604 | T12: =INDEX(I:I,$L12) -> 601.3 | U12: =INDEX(J:J,$L12) -> 389.35 | V12: =INDEX(AF:AF,L12) -> 100 | W12: =Weights!$B$9*Index!B12/Index!M12 -> 0.029999246 | X12: =Weights!$B$10*Index!C12/Index!N12 -> 0.25030708 | Y12: =Weights!$B$11*Index!D12/Index!O12 -> 0.070063938 | Z12: =Weights!$B$12*Index!E12/Index!P12 -> 0.020191604 | AA12: =Weights!$B$13*Index!F12/Index!Q12 -> 0.13202269 | AB12: =Weights!$B$14*Index!G12/Index!R12 -> 0.20392324 | AC12: =Weights!$B$15*Index!H12/Index!S12 -> 0.051488095 | AD12: =Weights!$B$16*Index!I12/Index!T12 -> 0 | AE12: =Weights!$B$17*Index!J12/Index!U12 -> 0.25 | AF12: =V12*SUM(W12:AE12) -> 100.79959 | AG12: =INDEX(AQ:AQ,L12) -> 100 | AH12: =Weights!$E$9*Index!B12/M12 -> 0.018242784 | AI12: =Weights!$E$10*Index!C12/N12 -> 0.020701072 | AJ12: =Weights!$E$11*Index!D12/O12 -> 0 | AK12: =Weights!$E$12*Index!E12/P12 -> 0.18786377 | AL12: =Weights!$E$13*Index!F12/Q12 -> 0.31990114 | AM12: =Weights!$E$14*Index!G12/R12 -> 0 | AN12: =Weights!$E$15*Index!H12/S12 -> 0.21625 | AO12: =Weights!$E$16*Index!I12/T12 -> 0 | AP12: =Weights!$E$17*Index!J12/U12 -> 0.25 | AQ12: =AG12*SUM(AH12:AP12) -> 101.29588
A13: 46033 | B13: 115.3095 | C13: 138.57 | D13: 160.61709 | E13: 129.68546 | F13: 18502.97 | G13: 358.13 | H13: 2681.5 | I13: 601.13 | J13: 389.35 | K13: =IF(OR(ROW()=2,MONTH(A14)<>MONTH(A13)),"✔","") | L13: =IF(K12="✔",ROW(K12),L12) -> 2 | M13: =INDEX(B:B,L13) -> 115.3124 | N13: =INDEX(C:C,$L13) -> 138.4 | O13: =INDEX(D:D,$L13) -> 160.47052 | P13: =INDEX(E:E,$L13) -> 128.45484 | Q13: =INDEX(F:F,$L13) -> 18219.49 | R13: =INDEX(G:G,$L13) -> 351.24 | S13: =INDEX(H:H,$L13) -> 2604 | T13: =INDEX(I:I,$L13) -> 601.3 | U13: =INDEX(J:J,$L13) -> 389.35 | V13: =INDEX(AF:AF,L13) -> 100 | W13: =Weights!$B$9*Index!B13/Index!M13 -> 0.029999246 | X13: =Weights!$B$10*Index!C13/Index!N13 -> 0.25030708 | Y13: =Weights!$B$11*Index!D13/Index!O13 -> 0.070063938 | Z13: =Weights!$B$12*Index!E13/Index!P13 -> 0.020191604 | AA13: =Weights!$B$13*Index!F13/Index!Q13 -> 0.13202269 | AB13: =Weights!$B$14*Index!G13/Index!R13 -> 0.20392324 | AC13: =Weights!$B$15*Index!H13/Index!S13 -> 0.051488095 | AD13: =Weights!$B$16*Index!I13/Index!T13 -> 0 | AE13: =Weights!$B$17*Index!J13/Index!U13 -> 0.25 | AF13: =V13*SUM(W13:AE13) -> 100.79959 | AG13: =INDEX(AQ:AQ,L13) -> 100 | AH13: =Weights!$E$9*Index!B13/M13 -> 0.018242784 | AI13: =Weights!$E$10*Index!C13/N13 -> 0.020701072 | AJ13: =Weights!$E$11*Index!D13/O13 -> 0 | AK13: =Weights!$E$12*Index!E13/P13 -> 0.18786377 | AL13: =Weights!$E$13*Index!F13/Q13 -> 0.31990114 | AM13: =Weights!$E$14*Index!G13/R13 -> 0 | AN13: =Weights!$E$15*Index!H13/S13 -> 0.21625 | AO13: =Weights!$E$16*Index!I13/T13 -> 0 | AP13: =Weights!$E$17*Index!J13/U13 -> 0.25 | AQ13: =AG13*SUM(AH13:AP13) -> 101.29588
A14: 46034 | B14: 115.3085 | C14: 138.87 | D14: 160.60933 | E14: 129.04539 | F14: 18499.24 | G14: 358.72 | H14: 2671.29 | I14: 601.31 | J14: 389.35 | K14: =IF(OR(ROW()=2,MONTH(A15)<>MONTH(A14)),"✔","") | L14: =IF(K13="✔",ROW(K13),L13) -> 2 | M14: =INDEX(B:B,L14) -> 115.3124 | N14: =INDEX(C:C,$L14) -> 138.4 | O14: =INDEX(D:D,$L14) -> 160.47052 | P14: =INDEX(E:E,$L14) -> 128.45484 | Q14: =INDEX(F:F,$L14) -> 18219.49 | R14: =INDEX(G:G,$L14) -> 351.24 | S14: =INDEX(H:H,$L14) -> 2604 | T14: =INDEX(I:I,$L14) -> 601.3 | U14: =INDEX(J:J,$L14) -> 389.35 | V14: =INDEX(AF:AF,L14) -> 100 | W14: =Weights!$B$9*Index!B14/Index!M14 -> 0.029998985 | X14: =Weights!$B$10*Index!C14/Index!N14 -> 0.25084899 | Y14: =Weights!$B$11*Index!D14/Index!O14 -> 0.070060549 | Z14: =Weights!$B$12*Index!E14/Index!P14 -> 0.020091947 | AA14: =Weights!$B$13*Index!F14/Index!Q14 -> 0.13199608 | AB14: =Weights!$B$14*Index!G14/Index!R14 -> 0.2042592 | AC14: =Weights!$B$15*Index!H14/Index!S14 -> 0.051292051 | AD14: =Weights!$B$16*Index!I14/Index!T14 -> 0 | AE14: =Weights!$B$17*Index!J14/Index!U14 -> 0.25 | AF14: =V14*SUM(W14:AE14) -> 100.85478 | AG14: =INDEX(AQ:AQ,L14) -> 100 | AH14: =Weights!$E$9*Index!B14/M14 -> 0.018242626 | AI14: =Weights!$E$10*Index!C14/N14 -> 0.020745889 | AJ14: =Weights!$E$11*Index!D14/O14 -> 0 | AK14: =Weights!$E$12*Index!E14/P14 -> 0.18693656 | AL14: =Weights!$E$13*Index!F14/Q14 -> 0.31983665 | AM14: =Weights!$E$14*Index!G14/R14 -> 0 | AN14: =Weights!$E$15*Index!H14/S14 -> 0.21542661 | AO14: =Weights!$E$16*Index!I14/T14 -> 0 | AP14: =Weights!$E$17*Index!J14/U14 -> 0.25 | AQ14: =AG14*SUM(AH14:AP14) -> 101.11883
... A122: 46142 | B122: 115.2797 | C122: 138.38 | D122: 158.48383 | E122: 127.00351 | F122: 18551.09 | G122: 364.69 | H122: 2716.38 | I122: 597.71 | J122: 394.46 | K122: =IF(OR(ROW()=2,MONTH(A123)<>MONTH(A122)),"✔","") -> ✔ | L122: =IF(K121="✔",ROW(K121),L121) -> 92 | M122: =INDEX(B:B,L122) -> 115.2873 | N122: =INDEX(C:C,$L122) -> 138.72 | O122: =INDEX(D:D,$L122) -> 158.58183 | P122: =INDEX(E:E,$L122) -> 128.88928 | Q122: =INDEX(F:F,$L122) -> 17835.66 | R122: =INDEX(G:G,$L122) -> 336.24 | S122: =INDEX(H:H,$L122) -> 2546.78 | T122: =INDEX(I:I,$L122) -> 575.76 | U122: =INDEX(J:J,$L122) -> 393.36 | V122: =INDEX(AF:AF,L122) -> 99.045221 | W122: =Weights!$B$9*Index!B122/Index!M122 -> 0.029998022 | X122: =Weights!$B$10*Index!C122/Index!N122 -> 0.24938725 | Y122: =Weights!$B$11*Index!D122/Index!O122 -> 0.069956742 | Z122: =Weights!$B$12*Index!E122/Index!P122 -> 0.019707382 | AA122: =Weights!$B$13*Index!F122/Index!Q122 -> 0.1352146 | AB122: =Weights!$B$14*Index!G122/Index!R122 -> 0.21692244 | AC122: =Weights!$B$15*Index!H122/Index!S122 -> 0.053329695 | AD122: =Weights!$B$16*Index!I122/Index!T122 -> 0 | AE122: =Weights!$B$17*Index!J122/Index!U122 -> 0.25069911 | AF122: =V122*SUM(W122:AE122) -> 101.54267 | AG122: =INDEX(AQ:AQ,L122) -> 99.285525 | AH122: =Weights!$E$9*Index!B122/M122 -> 0.018242041 | AI122: =Weights!$E$10*Index!C122/N122 -> 0.020625 | AJ122: =Weights!$E$11*Index!D122/O122 -> 0 | AK122: =Weights!$E$12*Index!E122/P122 -> 0.18335855 | AL122: =Weights!$E$13*Index!F122/Q122 -> 0.32763539 | AM122: =Weights!$E$14*Index!G122/R122 -> 0 | AN122: =Weights!$E$15*Index!H122/S122 -> 0.22398472 | AO122: =Weights!$E$16*Index!I122/T122 -> 0 | AP122: =Weights!$E$17*Index!J122/U122 -> 0.25069911 | AQ122: =AG122*SUM(AH122:AP122) -> 101.72247

Sheet Weights
A1: Categories | B1: User Input
A2: Equities/Bonds Ratio | B2: 0.7
A3: Homebias Equities | B3: 0.6
A4: Yield Curve CHF | B4: 0.1
A5: FX-Hedging | B5: 0
A8: Asset Classes | B8: Start | C8: Help1 | D8: Help2 | E8: User Portfolio
A9: Liquidity | B9: 0.03 | C9: =(1-$B$2)*SUM($B$9:$B$15)*B9/SUM($B$9:$B$12) -> 0.018243243 | D9: =C9 -> 0.018243243 | E9: =D9 -> 0.018243243
A10: Bonds_CHF | B10: 0.25 | C10: =(1-$B$2)*SUM($B$9:$B$15)*B10/SUM($B$9:$B$12) -> 0.15202703 | D10: =$B$4*SUM($C$10:$C$12) -> 0.020675676 | E10: =D10 -> 0.020675676
A11: Bonds_IG_HDG | B11: 0.07 | C11: =(1-$B$2)*SUM($B$9:$B$15)*B11/SUM($B$9:$B$12) -> 0.042567568 | D11: =IFERROR((1-$B$4)*SUM($C$10:$C$12)*C11/SUM($C$11:$C$12),0) -> 0.14472973 | E11: =$B$5*SUM($D$11:$D$12) -> 0
A12: Bonds_IG_UHDG | B12: 0.02 | C12: =(1-$B$2)*SUM($B$9:$B$15)*B12/SUM($B$9:$B$12) -> 0.012162162 | D12: =IFERROR((1-$B$4)*SUM($C$10:$C$12)*C12/SUM($C$11:$C$12),0) -> 0.041351351 | E12: =(1-$B$5)*SUM($D$11:$D$12) -> 0.18608108
A13: Equities_CH | B13: 0.13 | C13: =$B$2*SUM($B$9:$B$15)*B13/SUM($B$13:$B$15) -> 0.17960526 | D13: =$B$3*SUM($C$13:$C$15) -> 0.315 | E13: =D13 -> 0.315
A14: Equities_Global_HDG | B14: 0.2 | C14: =$B$2*SUM($B$9:$B$15)*B14/SUM($B$13:$B$15) -> 0.27631579 | D14: =IFERROR((1-$B$3)*SUM($C$13:$C$15)*C14/SUM($C$14:$C$15),0) -> 0.168 | E14: =$B$5*SUM($D$14:$D$15) -> 0
A15: Equities_Global_UHDG | B15: 0.05 | C15: =$B$2*SUM($B$9:$B$15)*B15/SUM($B$13:$B$15) -> 0.069078947 | D15: =IFERROR((1-$B$3)*SUM($C$13:$C$15)*C15/SUM($C$14:$C$15),0) -> 0.042 | E15: =(1-$B$5)*SUM($D$14:$D$15) -> 0.21
A16: Real_Estate_CH_listed | B16: 0 | C16: 0 | D16: =C16 -> 0 | E16: =D16 -> 0
A17: Real_Estate_CH_unlisted | B17: 0.25 | C17: 0.25 | D17: =C17 -> 0.25 | E17: =D17 -> 0.25
A18: Total | B18: =SUM(B9:B17) -> 1 | C18: =SUM(C9:C17) -> 1 | D18: =SUM(D9:D17) -> 1 | E18: =SUM(E9:E17) -> 1

Sheet Dashboard
